,n_tokens,n_unique_tokens,proportion_unique_tokens,n_characters,n_sentences,token_length_mean,token_length_median,token_length_std,sentence_length_mean,sentence_length_median,sentence_length_std,dependency_distance_mean,dependency_distance_std,prop_adjacent_dependency_relation_mean,prop_adjacent_dependency_relation_std,type_token_ratio,dependency_depth_mean,dependency_depth_std,file_name,n_tokens_once_in_courpus,text_type,Number
0,1153,430,0.37294015611448394,5238,63,4.451864700780573,4.0,2.626104606460019,18.3015873015873,18.0,8.998474157489888,3.0570706023908256,1.028082018120394,0.3762688474915355,0.10024765506626673,0.37294015611448394,4.714285714285714,1.557659736552012,10_rillington_place,92,synopsis movie,60
1,963,355,0.36863966770508827,4573,65,4.6313603322949115,4.0,2.9849280302475854,14.815384615384616,13.0,8.005560197939944,2.668126804158111,1.0257003043059871,0.3802997604808343,0.09491993894048294,0.36863966770508827,4.461538461538462,1.598816130063579,archibald_strohalm,74,synopsis novelle,73
2,974,405,0.41581108829568786,4918,40,5.146817248459959,4.0,3.121759943893833,24.35,21.5,14.877079686551388,3.3606684602188546,1.2866410927855834,0.3555967678440822,0.09923317664873273,0.41581108829568786,5.35,1.943579172557681,artistieke_talen,116,technical text,39
3,956,386,0.40376569037656906,4871,49,4.981171548117155,4.0,3.14530617408389,19.510204081632654,21.0,11.06220343585806,3.0947419487010412,1.3944330210272595,0.3601623650871262,0.1239515204103899,0.40376569037656906,4.653061224489796,1.8356005568790903,aspasia,87,history,58
4,1177,516,0.43840271877655057,6372,48,5.288870008496176,4.0,3.5736912984015956,24.520833333333332,23.0,14.747866488825503,3.408240061113925,1.2801707394552087,0.36824265102073855,0.10760057142118025,0.43840271877655057,5.375,1.943203969393503,atonaliteit,181,technical text,32
5,937,413,0.4407684098185699,4293,52,4.416221985058698,4.0,2.5489180800261533,18.01923076923077,18.0,11.282202431971177,3.007698265353685,1.477507280310092,0.32473271172862284,0.1378463067945342,0.4407684098185699,4.461538461538462,2.0518428720537134,basiliscus_van_utrecht,92,fairy tale,50
6,929,406,0.4370290635091496,4724,52,4.953713670613563,4.0,3.2951361369885492,17.865384615384617,17.5,8.4694674388786,3.078503163183733,1.0411198404899802,0.387599367941425,0.07935972130854226,0.4370290635091496,4.961538461538462,1.5561483326264547,begin_van_de_roemeense_revolutie,101,history,43
7,1043,399,0.3825503355704698,4966,66,4.652924256951103,4.0,2.7047698680895778,15.803030303030303,17.0,7.773731401854107,2.8257821217056827,1.0716736774556928,0.37872307076761774,0.11817553222304607,0.3825503355704698,4.621212121212121,1.7474236578039901,big_fish,72,synopsis movie,61
8,887,381,0.4295377677564825,4113,50,4.554678692220969,4.0,2.8286459613305475,17.74,17.0,8.613501030359258,3.0607119961949274,1.1594965760861604,0.3742478221126525,0.1016987020908247,0.4295377677564825,4.98,1.7491712323268984,carrie,70,synopsis roman,77
9,972,446,0.4588477366255144,4992,44,5.025720164609053,4.0,3.2735938450627766,22.09090909090909,19.0,17.619485832218132,3.216837821011556,1.5343317797355633,0.40460012345275886,0.11401414670549408,0.4588477366255144,4.954545454545454,1.8702764192219077,dadaïsme,144,technical text,31
10,971,475,0.48918640576725025,4750,41,4.7693099897013385,4.0,3.0509449562975512,23.682926829268293,23.0,10.857028799837446,3.667601845654328,0.9515322054168582,0.3663082182188966,0.06704629072147314,0.48918640576725025,5.658536585365853,1.5712315520396494,darwin,135,journal entry,46
11,952,384,0.40336134453781514,4299,63,4.531512605042017,4.0,2.9055609211730244,15.11111111111111,13.0,10.96619786392845,2.714325302380106,1.2954055608350363,0.41354775063743,0.0971818805419103,0.40336134453781514,4.285714285714286,1.4630753805464016,debet,102,synopsis novelle,75
12,898,373,0.4153674832962138,4272,23,4.674832962138084,4.0,2.843946257809724,39.04347826086956,28.0,32.15381275771542,4.1465894185842505,1.7019561303716093,0.37379503804004427,0.053138461749323615,0.4153674832962138,6.043478260869565,1.9219161830695952,de_chinese_filosofie,88,technical text,54
13,915,320,0.34972677595628415,3842,54,3.955191256830601,3.0,2.2218888340201066,16.944444444444443,14.0,13.555669398429066,3.1381913982030483,1.810335901283925,0.33219134025259944,0.15394682911956722,0.34972677595628415,4.111111111111111,2.006163342807532,de_drie_spinsters,52,fairy tale,14
14,975,339,0.3476923076923077,4003,63,3.92,3.0,2.1931735582051544,15.476190476190476,14.0,9.792866115564413,2.979472993036214,1.107424473644866,0.37115969850250413,0.09499118047825215,0.3476923076923077,4.095238095238095,1.4222080498160075,de_drie_talen,54,fairy tale,10
15,858,428,0.4988344988344988,4705,56,5.362470862470863,4.0,3.2955206516878515,15.321428571428571,14.0,9.012109200675388,2.6677526766164767,1.1599452815422904,0.38900733134531024,0.12829750279941218,0.4988344988344988,4.375,1.6098192001410772,de_eerste_opiumoorlog,125,history,42
16,971,367,0.3779608650875386,4060,42,4.049433573635428,4.0,2.2204988232751495,23.11904761904762,20.0,14.517973066172612,3.6490923027925932,1.6583784669857302,0.3635766868769769,0.09413325946261424,0.3779608650875386,5.428571428571429,2.1618208500602223,de_engel,65,fairy tale,20
17,1029,403,0.391642371234208,4712,65,4.469387755102041,4.0,2.6810144349977656,15.830769230769231,16.0,8.295632272039269,2.862314967891037,1.1490549633657627,0.3443952236394899,0.1314005932381209,0.391642371234208,4.384615384615385,1.724861713006026,de_erfpachters,89,synopsis novelle,69
18,1099,443,0.4030937215650591,5640,51,5.030937215650591,4.0,3.427787234830703,21.54901960784314,22.0,11.920181807881491,3.1696101995090618,1.3647870959059722,0.346062126748076,0.12403333706800408,0.4030937215650591,4.980392156862745,1.985142816795744,de_geldmakers,100,synopsis financial thriller (book),68
19,982,378,0.384928716904277,4101,52,4.0285132382892055,3.0,2.2517704347835457,18.884615384615383,17.5,10.343436875165455,3.2919756573108936,1.2765426997021234,0.3546386620095806,0.09774693387951736,0.384928716904277,4.615384615384615,1.4564689406739606,de_geschenken_van_het_kleine_volkje,59,fairy tale,18
20,1169,458,0.3917878528656972,5463,93,4.58169375534645,4.0,2.894265627282647,12.56989247311828,12.0,5.3629510602334864,2.7080405491341164,0.742019010196339,0.38354825388682445,0.07770034256266427,0.3917878528656972,4.290322580645161,1.1965959349026714,de_ijsdragers,120,synopsis novelle,59
21,995,374,0.3758793969849246,4899,56,4.841206030150754,4.0,3.159242729815689,17.767857142857142,18.0,7.201168237139849,2.799511004454181,0.8631875774134601,0.37359392991313267,0.07953467058889056,0.3758793969849246,4.821428571428571,1.3901071754306116,de_kilimanjaro,117,technical text,57
22,879,308,0.3503981797497156,3711,43,4.065984072810012,3.0,2.353361047135853,20.441860465116278,15.0,19.509451884092982,3.0586567906787687,1.5188280820417233,0.37107655461517886,0.08326272469431295,0.3503981797497156,4.813953488372093,1.9199783665628183,de_mooiste_roos_van_de_wereld,61,fairy tale,23
23,867,266,0.30680507497116494,3379,40,3.6828143021914648,3.0,1.9384335740476086,21.675,21.0,14.123362736968842,3.395306494398608,1.3432573621276833,0.354406924045165,0.10678634540586493,0.30680507497116494,4.8,1.8867962264113207,de_oude_rinkrank,18,fairy tale,19
24,879,343,0.3902161547212742,3599,52,3.8350398179749714,3.0,2.12013500482577,16.903846153846153,13.0,10.726063898073802,3.1942410784042417,1.2216658940963419,0.37979087747439927,0.08608514190709067,0.3902161547212742,4.423076923076923,1.4590059029531275,de_oude_sultan,47,fairy tale,11
25,966,340,0.35196687370600416,3820,62,3.770186335403727,3.0,2.0749370432365075,15.580645161290322,14.0,10.294922624373212,3.017654391500417,1.3050698802063312,0.36964456946124175,0.12426700692065207,0.35196687370600416,4.290322580645161,1.3840927711564472,de_oude_vrouw_in_het_bos,38,fairy tale,16
26,965,419,0.43419689119170984,4981,45,4.985492227979274,4.0,3.2558909370525675,21.444444444444443,20.0,16.202270836117805,2.8900107213588777,1.4646071798751292,0.36922093818449064,0.12942280956193852,0.43419689119170984,5.155555555555556,2.308973370286318,de_spaanschen_brabander,115,synopsis play,76
27,874,335,0.38329519450800914,3904,37,4.332951945080092,4.0,2.5964486800749227,23.62162162162162,20.0,14.655229398467112,3.4746143202528326,1.36702913162761,0.35389651155859425,0.11355998785844164,0.38329519450800914,5.297297297297297,1.706345310017794,de_spiegel_van_matsuyama,59,fairy tale,2
28,858,370,0.43123543123543123,3772,41,4.178321678321678,4.0,2.3804068091768977,20.926829268292682,16.0,16.07814793954741,3.6087971823171436,1.5313866836784529,0.3530502740232907,0.11144937138491665,0.43123543123543123,4.780487804878049,1.9192502997957075,de_uil,74,fairy tale,17
29,970,409,0.4216494845360825,4292,40,4.3051546391752575,4.0,2.41722219094907,24.25,22.5,12.997595931555958,3.523306719285788,1.0221761936788039,0.37945575633533124,0.05735610904777727,0.4216494845360825,5.275,1.3962002005443204,de_waanzinnige_koning,92,fairy tale,22
30,939,360,0.38338658146964855,4169,50,4.268370607028754,3.0,2.550944323263977,18.78,20.5,12.549565729538214,3.0807761089589007,1.6578687162352035,0.3050166489546173,0.1346868872892182,0.38338658146964855,4.64,2.2517548712060114,de_witte_haas_van_inaba,65,fairy tale,3
31,931,352,0.37808807733619765,3878,50,4.012889366272825,4.0,2.227608556114534,18.62,16.0,12.59347450070869,3.2801474308140603,1.2987208391671374,0.36773263711290577,0.09728242868654724,0.37808807733619765,4.6,1.4966629547095767,de_zeven_raven,46,fairy tale,8
32,975,403,0.41333333333333333,4220,68,4.1405128205128205,4.0,2.2879281285981223,14.338235294117647,10.0,17.34223872355114,2.5037291671278687,1.4587091561643493,0.30570244926509055,0.15194945069867125,0.41333333333333333,3.7941176470588234,2.0332444626711017,de_zilveren_schaatsen,88,novel,47
33,919,395,0.42981501632208924,4025,67,4.189336235038085,4.0,2.3448727422781794,13.716417910447761,11.0,11.10977244974227,2.715013812128444,1.2707228784844882,0.37015328109671614,0.09076443415109405,0.42981501632208924,4.08955223880597,1.5330327301622493,dirk_trom,76,novel,49
34,1136,484,0.426056338028169,6083,68,5.159330985915493,4.0,3.589421210006244,16.705882352941178,16.0,11.427596658874686,2.6605328128009833,1.3748126609971205,0.3800076924690464,0.14936764576400655,0.426056338028169,4.573529411764706,2.137316737727528,erytropoëtine,172,technical text,29
35,1973,754,0.382159148504815,10724,102,5.3568170299037,4.0,3.889294233605099,19.34313725490196,18.0,13.705941961776741,2.825807154528071,1.3438043410949707,0.36780587581508445,0.1304899492374021,0.382159148504815,4.980392156862745,2.1096435539314142,gentrificatie,249,technical text,34
36,909,414,0.45544554455445546,4597,52,4.936193619361936,4.0,3.350828548002882,17.48076923076923,16.0,8.212304053663777,2.9508638099858633,0.9329981537047459,0.3870247030099595,0.08562474616070069,0.45544554455445546,4.75,1.39883193030141,geschiedenis_van_londen,131,history,45
37,1049,357,0.340324118207817,5665,63,5.264061010486177,4.0,3.6090997031660224,16.650793650793652,14.0,11.354544199275153,2.749664278908603,1.2934817349485712,0.36285259955341853,0.11641262615544191,0.340324118207817,4.349206349206349,1.9692777675264537,glaciaal_tijdperk,60,technical text,26
38,960,343,0.3572916666666667,4556,62,4.63125,4.0,2.7792876972646545,15.483870967741936,14.0,8.013581083997483,2.9699879572474734,0.9927027846630815,0.36748514798743387,0.09415388820428278,0.3572916666666667,4.532258064516129,1.29163239971106,herinneringen_en_gros,62,synopsis sciencefiction story,79
39,873,358,0.41008018327605955,3958,30,4.404352806414662,4.0,2.515533291899054,29.1,29.0,14.253303710602209,3.942148918474615,1.5252427254881817,0.3494920024656745,0.10327545436784523,0.41008018327605955,5.6,1.854723699099141,het_dooden_van_de_zeeslang,62,fairy tale,5
40,993,406,0.40886203423967776,4756,65,4.686807653575025,4.0,3.078953861039608,15.276923076923078,14.0,9.47467505804929,2.657302609488765,1.1082299383550458,0.3663333290886772,0.135462080197974,0.40886203423967776,4.430769230769231,1.8310924084502191,het_geheimzinnige_eiland,89,synopsis roman,78
41,941,401,0.4261424017003188,5454,49,5.6726886291179595,5.0,4.037705930271542,19.20408163265306,20.0,10.277734189740887,2.72187419199319,1.0140903732469888,0.36557960466801653,0.11146120994458317,0.4261424017003188,5.3061224489795915,1.8205637345440175,het_immuunsysteem,129,technical text,56
42,986,352,0.35699797160243407,4153,65,4.063894523326572,3.0,2.453414775755821,15.169230769230769,15.0,9.013783002916625,2.9606329512170775,1.198884637819102,0.36123395325870467,0.10693612916612151,0.35699797160243407,4.276923076923077,1.564094157186318,het_meisje_met_de_zwavelstokjes,67,fairy tale,12
43,871,334,0.38346727898966704,3800,47,4.2353616532721015,3.0,2.6595474656883624,18.53191489361702,15.0,13.52987405994096,3.1739262082284734,1.2318671123481848,0.36317511737562086,0.08719785418128835,0.38346727898966704,4.574468085106383,1.6209359110417796,het_spaarvarken,53,fairy tale,21
44,960,349,0.36354166666666665,4202,57,4.175,4.0,2.6113933062639183,16.842105263157894,16.0,8.552807015744527,3.165654451680064,1.0198215913102995,0.3648767987743423,0.0819151029786033,0.36354166666666665,4.526315789473684,1.2298233100576763,het_winterkoninkje_en_de_beer,48,fairy tale,7
45,951,329,0.3459516298633018,3999,58,4.013669821240799,4.0,2.1696749218203886,16.396551724137932,15.0,10.368951756237786,3.117197959879915,1.2717660103237123,0.3877149053212884,0.10180745498029517,0.3459516298633018,4.448275862068965,1.3153262843283209,jorinde_en_joringel,39,fairy tale,15
46,878,349,0.39749430523917995,4053,43,4.439635535307517,4.0,2.7171732353833247,20.41860465116279,18.0,14.52701182183061,3.3155885971871997,1.693312303115697,0.33580178531497956,0.12904106884533556,0.39749430523917995,4.6976744186046515,2.0292613356626497,kadzutoyo_en_de_das,54,fairy tale,4
47,1167,372,0.31876606683804626,5998,83,5.012853470437018,4.0,3.3041750222257917,14.060240963855422,13.0,11.117498849328838,2.4824663395341395,1.3155046857509176,0.36505158470319593,0.136128361665767,0.31876606683804626,4.180722891566265,1.8829903051996775,kieming,97,technical text,36
48,1384,498,0.3598265895953757,7299,90,5.1531791907514455,4.0,3.4906487392847,15.377777777777778,14.0,9.488680715905401,2.6046146817658076,1.2714383212855755,0.3456567936782761,0.14211385600385731,0.3598265895953757,4.177777777777778,1.9297540302546206,klonen,120,technical text,28
49,882,351,0.3979591836734694,4005,35,4.40249433106576,4.0,2.7446328809748683,25.2,23.0,15.08035619132197,3.4411523854926807,1.3206684835690397,0.35924000403847184,0.10312650294432879,0.3979591836734694,5.314285714285714,2.213870928892631,leliane,97,fairy tale,48
50,871,339,0.38920780711825487,4130,55,4.61768082663605,4.0,2.8501994442006917,15.836363636363636,15.0,8.962068828454198,2.849832340605075,1.2217025265331847,0.36213372417424006,0.12541728061332064,0.38920780711825487,4.345454545454546,1.7499940968023218,liefde_in_tijden_van_cholera,60,synopsis novelle,67
51,1197,467,0.39014202172096907,5806,77,4.698412698412699,4.0,3.0079436718359878,15.545454545454545,15.0,8.291045795181933,2.82453297932601,1.0367431282933808,0.3831142832505738,0.1085714935633731,0.39014202172096907,4.48051948051948,1.5170921400194586,mahabharata,92,synopsis novelle,72
52,911,364,0.3995609220636663,4172,51,4.433589462129528,4.0,2.7877204790328887,17.862745098039216,17.0,10.726583447884826,3.1176101603245527,1.3649453324712633,0.39177299229169105,0.08816711784660575,0.3995609220636663,4.647058823529412,1.5316725372107691,mijn_heer_zak_met_rijst,63,fairy tale,1
53,878,308,0.35079726651480636,4485,51,5.037585421412301,4.0,3.652901564755341,17.215686274509803,18.0,10.570609876278581,2.68499753603056,1.3947035038458429,0.3724404156917358,0.12759122486501673,0.35079726651480636,4.745098039215686,2.0564879375885323,milankovićparameters,63,technical text,25
54,954,385,0.40356394129979034,5026,45,5.1582809224318655,4.0,3.4943949699766184,21.2,19.0,14.628131193772575,3.0108865592791023,1.0803788214424606,0.3452761742600141,0.10993474037128843,0.40356394129979034,5.044444444444444,1.9316723388533983,natuurlijke_selectie,83,technical text,24
55,1155,503,0.4354978354978355,6450,57,5.458008658008658,4.0,3.9010170080242834,20.263157894736842,20.0,12.787776943257489,2.848523242463661,1.3223431627070872,0.4120532391034756,0.12060100012569339,0.4354978354978355,4.859649122807017,1.8395136322411378,neoclassicisme,201,technical text,33
56,1021,479,0.4691478942213516,6090,40,5.804113614103819,5.0,4.216104417257614,25.525,23.0,15.965568420823608,3.6041930913519296,1.479681976027885,0.3766008478163694,0.09737281664056485,0.4691478942213516,5.575,1.8423829677892705,nomadisch_pastoralisme,187,technical text,30
57,1301,473,0.3635664873174481,7726,85,5.812451960030746,5.0,4.0325575734041275,15.305882352941177,15.0,9.28125692478159,2.4491314032174354,1.2016375617684678,0.34434502292042785,0.1485213013973294,0.3635664873174481,4.4,2.109920544921622,ongeslachtelijke_voortplanting,144,technical text,35
58,991,419,0.4228052472250252,4845,52,4.726538849646821,4.0,3.0943606184456223,19.057692307692307,17.0,10.183722799603865,3.1595131515564225,1.0562809261049328,0.3889353323548572,0.07386670365048402,0.4228052472250252,4.923076923076923,1.356553237580646,ontstaanslegende_azteken,126,history,40
59,927,345,0.37216828478964403,4543,50,4.8122977346278315,4.0,3.443697212549452,18.54,18.0,8.917869700774956,2.8476055276717096,1.0231621197175829,0.39415608174708894,0.10200427413991596,0.37216828478964403,4.58,1.6624078921853085,operatie_wintergewitter,89,history,55
60,1160,468,0.40344827586206894,5965,64,5.022413793103448,4.0,3.4490649959107245,18.125,18.5,10.859183901196259,2.8392898439447762,1.2643493042742397,0.35878457310409295,0.12482762545392088,0.40344827586206894,4.578125,1.8775373456671907,permafrost,131,technical text,27
61,1024,356,0.34765625,4500,57,4.2861328125,4.0,2.393261023396913,17.964912280701753,17.0,9.611697756600295,3.106205456352163,1.0775501985270792,0.37914537138065135,0.07929058379332626,0.34765625,4.912280701754386,1.6035126108441897,shes_the_one,64,synopsis movie,63
62,923,160,0.1733477789815818,4196,167,3.8645720476706393,4.0,2.118399891340246,5.526946107784431,4.0,4.066534034897024,1.78925720217637,0.8978775997234739,0.4261586212519669,0.15079357570147445,0.1733477789815818,3.0838323353293413,1.0172946019801243,slimme_hans,13,fairy tale,9
63,939,362,0.3855165069222577,4591,39,4.729499467518637,4.0,3.0615435394991395,24.076923076923077,22.0,12.047735430116436,3.364568946232015,0.9548054803823388,0.3740261849036341,0.09168566954792119,0.3855165069222577,5.871794871794871,2.2092983824141554,sucker_punch,102,synopsis movie,66
64,1023,422,0.4125122189638319,5181,44,4.9227761485826,4.0,3.1100535925796393,23.25,23.5,14.792696293656665,3.2922770783205064,1.5083688106864148,0.3406536157913376,0.13224990299424533,0.4125122189638319,4.886363636363637,2.025024232076216,the_host,122,synopsis movie,65
65,1196,500,0.4180602006688963,5929,49,4.874581939799331,4.0,3.0151772288783856,24.408163265306122,25.0,13.55098967294277,3.4830302064024434,1.2830030663624747,0.35814634956444,0.11356503532404107,0.4180602006688963,5.530612244897959,2.1580607395920137,the_proposal,151,synopsis movie,64
66,967,429,0.4436401240951396,4746,52,4.813857290589452,4.0,3.227418457369943,18.596153846153847,18.0,10.65952014972931,3.1445609764642075,1.3066597633175487,0.3717661089130727,0.11715774907295191,0.4436401240951396,4.769230769230769,1.6596499238762628,the_rainmaker,107,synopsis legal thriller (book),70
67,946,402,0.4249471458773784,4949,60,5.133192389006343,4.0,3.5954542828388676,15.766666666666667,16.0,9.985600744182706,2.701707935729101,1.275601162994526,0.36730308057494176,0.12667264541651135,0.4249471458773784,4.2,1.7776388834631174,turf_brandstof,130,technical text,37
68,975,402,0.4123076923076923,4928,51,4.951794871794871,4.0,3.0342885549738834,19.11764705882353,18.0,11.124336611767152,3.000758491208077,1.1270073042511204,0.38428499152008705,0.08078432823927373,0.4123076923076923,4.921568627450981,1.4930313584942334,val_van_de_republiek,97,history,6
69,945,356,0.37671957671957673,4080,60,4.112169312169312,3.0,2.465016619476703,15.75,15.0,11.674223742930405,2.7533150084970273,1.4823945623323633,0.3521838775341713,0.1388097020658316,0.37671957671957673,4.25,1.9885086539079146,van_eenen_koster_en_eene_kosterin,70,fairy tale,52
70,1368,534,0.39035087719298245,7582,70,5.444444444444445,4.0,3.9955913001152727,19.542857142857144,16.0,12.512491717463465,2.9703177896946977,1.2051843754585774,0.3583674919523813,0.11815313651624135,0.39035087719298245,4.714285714285714,1.8909019551742057,vergrijzing,149,technical text,38
71,979,355,0.3626149131767109,4587,64,4.597548518896834,4.0,2.5939810342743503,15.296875,14.5,10.057148712949163,2.7583361803343056,1.342947926226516,0.3453715820635695,0.12715939007244983,0.3626149131767109,4.4375,1.8614090764794289,vijf_kleine_biggetjes,70,synopsis detective (book),62
72,993,419,0.4219536757301108,5459,67,5.357502517623364,4.0,3.6830750602642475,14.82089552238806,13.0,9.124226195993367,2.6533976999383757,1.2225681118370506,0.37839093208746205,0.1296657776525768,0.4219536757301108,4.477611940298507,1.8796491333052137,vleermuizen,124,technical text,44
73,976,284,0.29098360655737704,4142,84,4.00922131147541,3.0,2.34016012136866,11.619047619047619,11.0,8.250403686955712,2.5269118811589237,1.215541218486884,0.37581947588770415,0.13495537849377895,0.29098360655737704,3.7142857142857144,1.500566786341784,vondevogel,30,fairy tale,13
74,993,429,0.43202416918429004,5282,42,5.20845921450151,4.0,3.5812886425119497,23.642857142857142,21.0,14.091235757380117,3.243976694330233,1.2355715617207756,0.3830972405303362,0.10750895977814523,0.43202416918429004,5.261904761904762,2.0007084912900686,voorgeschiedenis_eerste_kruistocht,128,history,41
75,1020,432,0.4235294117647059,4758,56,4.556862745098039,4.0,2.8877194273275606,18.214285714285715,15.0,16.752093990341162,2.955171024146355,1.2921180660174392,0.3607906725732805,0.11737247912441677,0.4235294117647059,4.446428571428571,1.9449535695628064,vorstenschool,114,synopsis play,74
76,834,384,0.460431654676259,3911,72,4.494004796163069,4.0,2.7463666916078706,11.583333333333334,10.5,8.215415726276762,2.5395338531740785,1.4494953772720591,0.3779556030934674,0.14938429089860963,0.460431654676259,3.5972222222222223,1.4304207056183607,waarom_de_reuzen_in_limburg_zijn_uitgestorven,88,fairy tale,51
77,931,395,0.4242749731471536,4185,49,4.309344790547798,4.0,2.378499445798785,19.0,18.0,11.333533411599259,3.2588659845714347,1.3304798566141056,0.36959639308232656,0.1135958006364445,0.4242749731471536,4.775510204081633,1.7292832787195802,wonderlijke_geschiedenissen_uit_friesland,78,fairy tale,53
78,968,326,0.3367768595041322,4212,60,4.229338842975206,4.0,2.458558751203502,16.133333333333333,16.5,8.857137736813677,2.8297524979344213,1.1038519598101122,0.34592614913099057,0.1180375138333833,0.3367768595041322,4.65,1.8513508581573617,zielen,41,synopsis novelle,71
