Number,Filename,edited,Type of text,Description,Number of words,Link,owner,retrieval date,type of language,idioms,lexical ambiguity,syntactic ambiguity,metaphores + figurative language,unique unknown words,total unknown words
1,Mijn Heer Zak met Rijst,,Fairy tale,Hidesato helps the dragon king by killing a monster ,826,https://www.gutenberg.org/cache/epub/16043/pg16043-images.html#ch23,Laura,October 6,Old spelling,0,0,0,0,2,2
2,De Spiegel van Matsuyama,,Fairy tale,A girl gets a magic mirror in which she can see her deceased mother,801,https://www.gutenberg.org/cache/epub/16043/pg16043-images.html#ch23,Laura,October 6,Old spelling,0,0,0,0,0,0
3,De Witte Haas van Inaba,,Fairy tale,"81 brothers all want to marry the same princess, the one who helped the rabbit won",857,https://www.gutenberg.org/cache/epub/16043/pg16043-images.html#ch23,Laura,October 6,Old spelling,0,0,0,0,1,1
4,Kadzutoyo en de Das,,Fairy tale,"Kadzutoyo kills a helpless girl, that does not seem to be human after all",799,https://www.gutenberg.org/cache/epub/16043/pg16043-images.html#ch23,Laura,October 6,,,,,,,
5,Het Dooden van de Zeeslang,,Fairy tale,"A girl volunteers to sacrifice herself to the serpent god, then kills it",797,https://www.gutenberg.org/cache/epub/16043/pg16043-images.html#ch23,Laura,October 6,,,,,,,
6,Val van de Republiek,,History,History about the fall of the Roman Republic,893,https://nl.wikipedia.org/wiki/Romeinse_Rijk,Laura,October 6,,,,,,,
7,Het winterkoninkje en de beer,,Fairy tale ,Een verhaal over een beer die ruzie krijgt met de kinderen van de koning van alle vogels (winterkoninkje),891,https://www.grimmstories.com/nl/grimm_sprookjes/het_winterkoninkje_en_de_beer,Lenneke,October 6,,,,,,,
8,De zeven raven,,Fairy tale ,A story about seven sons turned into ravens by their father,863,https://www.grimmstories.com/nl/grimm_sprookjes/de_zeven_raven,Lenneke,October 6,Modern,0,0,0,0,0,0
9,Slimme Hans,,Fairy tale ,A story about Hans who takes something to Gretel every day,815,https://www.grimmstories.com/nl/grimm_sprookjes/slimme_hans,Lenneke,October 6,,,,,,,
10,De drie talen,,Fairy tale ,A story about a son who learned to speak the language of three animals,906,https://www.grimmstories.com/nl/grimm_sprookjes/de_drie_talen,Lenneke,October 6,Modern,0,0,0,0,0,0
11,De oude sultan,,Fairy tale ,"A story about an old dog who, with the help of a wolf, was still able to prove to his master that he is useful",849,https://www.grimmstories.com/nl/grimm_sprookjes/de_oude_sultan,Lenneke,October 6,Modern,1?,0,0,0,0,0
12,Het meisje met de zwavelstokjes,,Fairy tale,A little girl freezes to death while trying to warm herself with matches,907,https://www.andersenstories.com/nl/andersen_sprookjes/het_meisje_met_de_zwavelstokjes,Laura,October 6,,,,,,,
13,Vondevogel,,Fairy tale ,A story about two children who through their friendship together manage to defeat an evil kitchen maid,919,https://www.grimmstories.com/nl/grimm_sprookjes/vondevogel,Lenneke,October 6,,,,,,,
14,De drie spinsters,,Fairy tale,"A girl is forced to spin, gets 3 other women to do it and gets away with it",861,https://www.grimmstories.com/nl/grimm_sprookjes/de_drie_spinsters,Laura,October 6,Modern,1,0,0,1,1,1
15,Jorinde en Joringel,,Fairy tale ,A story about a love couple who were taken apart by a witch,888,https://www.grimmstories.com/nl/grimm_sprookjes/jorinde_en_joringel,Lenneke,October 6,,,,,,,
16,De oude vrouw in het bos,,Fairy tale ,A story about a girl who freed a prince from an old woman's curse in the forest ,905,https://www.grimmstories.com/nl/grimm_sprookjes/de_oude_vrouw_in_het_bos,Lenneke,October 6,Modern,0,0,0,0,0,0
17,De uil,,Fairy tale,A story about an owl in a barn that everyone was afraid of,806,https://www.grimmstories.com/nl/grimm_sprookjes/de_uil,Lenneke,October 6,Modern,0,0,0,0,0,0
18,De geschenken van het kleine volkje,,Fairy tale,A story about a goldsmith and a tailor who came across a group of small males and females,918,https://www.grimmstories.com/nl/grimm_sprookjes/de_geschenken_van_het_kleine_volkje,Lenneke,October 6,Modern,0,0,0,0,0,0
19,De oude Rinkrank,,Fairy tale,A story about a princess who fell into a glass mountain,815,https://www.grimmstories.com/nl/grimm_sprookjes/de_oude_rinkrank,Lenneke,October 6,Modern,0,0,0,0,0,0
20,De Engel,,Fairy tale,A story about an angel who flies to heaven with a dead child,894,https://www.andersenstories.com/nl/andersen_sprookjes/de_engel,Lenneke,October 6,Modern,0,0,0,0,0,0
21,Het spaarvarken,,Fairy tale,A story of a full piggy bank that broke down,806,https://www.andersenstories.com/nl/andersen_sprookjes/het_spaarvarken,Lenneke,October 6,,,,,,,
22,De waanzinnige koning,,Fairy tale,A story about a greedy king who even wanted to defeat God,892,https://www.andersenstories.com/nl/andersen_sprookjes/de_waanzinnige_koning,Lenneke,October 6,Modern,0,0,0,0,0,0
23,De mooiste roos van de wereld,,Fairy tale,A story about a quest for the most beautiful rose to save the queen from death,811,https://www.andersenstories.com/nl/andersen_sprookjes/de_mooiste_roos_van_de_wereld,Lenneke,October 6,Modern,0,0,0,0,0,0
24,Natuurlijke selectie,,Technical text,A tecnical/informative text about natural selection ,863,https://nl.wikipedia.org/wiki/Natuurlijke_selectie,Lenneke,October 8,,,,,,,
25,Milanković-parameters,,Technical text,A technical/geographical text about the Milanković-parameters,790,https://nl.wikipedia.org/wiki/Milanković-parameters,Lenneke,October 8,,,,,,,
26,Glaciaal (tijdperk),,Technical text,A technical/geographical text about glacials ,947,https://nl.wikipedia.org/wiki/Glaciaal_(tijdperk),Lenneke,October 8,,,,,,,
27,Permafrost,,Technical text,A tecnical/geographical text about permafrost ,1044 (but some paragraphs can be cut easily),https://nl.wikipedia.org/wiki/Permafrost,Lenneke,October 8,,,,,,,
28,Klonen,,Technical text,A technial/informative text about cloning,1246 (but some paragraphs can be cut easily),https://nl.wikipedia.org/wiki/Klonen_(biologie),Lenneke,October 9,,,,,,,
29,Erytropoëtine,,Technical text,A technical/biological text about Erythropoietin,1030 (but some paragraphs can be cut easily),https://nl.wikipedia.org/wiki/Erytropoëtine,Lenneke,October 9,Modern,0,0,0,0,3,8
30,Nomadisch pastoralisme,,Technical text,A technical/historical text about nomadic pastoralism,917,https://nl.wikipedia.org/wiki/Nomadisch_pastoralisme,Lenneke,October 9,,,,,,,
31,Dadaïsme,,Technical text,A technical/informative text about the dadaism cultural movement,877,https://nl.wikipedia.org/wiki/Dadaïsme#cite_ref-2,Lenneke,October 9,Modern,1,0,0,0,0,0
32,Atonaliteit,,Technical text,A technical/informative text the musical phenomenon of atonality,1072 (but some paragraphs can be cut easily),https://nl.wikipedia.org/wiki/Atonaliteit#cite_ref-1,Lenneke,October 9,Modern,0,0,0,0,0,0
33,Neoclassicisme,,Technical text,A technical/informative text about the art movement: neoclassicism,1039 (but some paragraphs can be cut easily),https://nl.wikipedia.org/wiki/Neoclassicisme,Lenneke,October 9,,,,,,,
34,Gentrificatie,,Technical text,A technical/informative text about the phenomenon: gentrification,1774 (but some paragraphs can be cut easily),https://nl.wikipedia.org/wiki/Gentrificatie,Lenneke,October 9,Modern,0,0,0,0,0,0
35,Ongeslachtelijke voortplanting,,Technical text,A technical/biological text about asexual reproduction,1160 (but some paragraphs can be cut easily),https://nl.wikipedia.org/wiki/Ongeslachtelijke_voortplanting,Lenneke,October 9,,,,,,,
36,Kieming,,Technical text,A technical/biological text about germination,1054 (but some paragraphs can be cut easily),https://nl.wikipedia.org/wiki/Kieming,Lenneke,October 9,,,,,,,
37,Turf,,Technical text,A technical/informative text about peat,853,https://nl.wikipedia.org/wiki/Turf_(brandstof),Lenneke,October 9,,,,,,,
38,Vergrijzing,,Technical text,A technical/informative text about aging of the population,1227 (but some paragraphs can be cut easily),https://nl.wikipedia.org/wiki/Vergrijzing,Lenneke,October 9,,,,,,,
39,Artistieke talen,,Technical text,A technical/informative text about fictional languages,882,https://nl.wikipedia.org/wiki/Kunsttaal,Laura,October 9,Modern,0,0,0,0,0,0
40,Ontstaanslegende azteken,,History,History of the emergence of the Aztecs,904,https://nl.wikipedia.org/wiki/Azteken,Laura,October 9,,,,,,,
41,Voorgeschiedenis eerste kruistocht,,History,History of the first crusade,900,https://nl.wikipedia.org/wiki/Eerste_Kruistocht,Laura,October 9,,,,,,,
42,De eerste opiumoorlog,,History,History of the first poppy war,855,https://nl.wikipedia.org/wiki/Eerste_Opiumoorlog,Laura,October 9,Modern,0,0,0,0,0,0
43,Begin van de Roemeense revolutie,,History,History of the beginning of the Romanian revolution,844,https://nl.wikipedia.org/wiki/Roemeense_Revolutie,Laura,October 9,Modern,1,0,0,0,1,1
44,Vleermuizen,,Technical text,Technical/informative text about bats,904,https://nl.wikipedia.org/wiki/Vleermuizen,Laura,October 9,,,,,,,
45,Geschiedenis van Londen,,History,History of London,835,https://nl.wikipedia.org/wiki/Londen,Laura,October 9,,,,,,,
46,Darwin,,Journal entry,An excerpt of Darwin's journal,892,https://www.gutenberg.org/cache/epub/33764/pg33764-images.html,Laura,October 9,Old spelling,0,0,0,0,2,2
47,De zilveren schaatsen,,Novel,An excerpt from a novel. A brother and sister going out to ice skate,894,https://www.gutenberg.org/cache/epub/60777/pg60777-images.html,Laura,October 9,Old spelling,0,0,0,0,1,1
48,Leliane,,Fairy tale,An excerpt from a fairy tale. Paulus wants to marry the lily princess,812,https://www.gutenberg.org/cache/epub/68155/pg68155-images.html,Laura,October 9,,,,,,,
49,Dirk Trom,,Novel,An excerpt from a novel. Dirk Trom is born,851,https://www.gutenberg.org/cache/epub/69163/pg69163-images.html,Laura,October 9,Old spelling,0,0,0,1,1,7
50,Basiliscus van Utrecht,,Fairy Tale,An excerpt from a fairy tale. Utrecht is being plagued by a monster,864,https://www.gutenberg.org/cache/epub/3455/pg3455-images.html,Laura,October 9,Old spelling,0,0,0,1,1,1
51,Waarom de reuzen in Limburg zijn uitgestorven,,Fairy Tale,An excerpt from a fairy tale. The king of the giants needs to get married,779 (can add more text),https://www.gutenberg.org/cache/epub/3455/pg3455-images.html,Laura,October 10,,,,,,,
52,Van eenen koster en eene kosterin,,Fairy Tale,An excerpt from a fairy tale. A sacristan gets tempted by the devil,875,https://www.gutenberg.org/cache/epub/3455/pg3455-images.html,Laura,October 10,,,,,,,
53,Wonderlijke Geschiedenissen uit Friesland,,Fairy Tale,An excerpt from a fairy tale. The emergence of Friesland,867,https://www.gutenberg.org/cache/epub/3455/pg3455-images.html,Laura,October 10,,,,,,,
54,De Chinese Filosofie,,Technical text,A short comparison between Plato and Confuscius' philosophy,830,https://www.gutenberg.org/cache/epub/64781/pg64781-images.html,Laura,October 10,Old spelling,0,0,0,0,0,0
55,Operatie Wintergewitter,,History,History about operation Wintergewitter,852,https://nl.wikipedia.org/wiki/Operatie_Wintergewitter,Laura,October 10,,,,,,,
56,Het immuunsysteem,,Technical text,A technical/informative text about the immune system,859,https://nl.wikipedia.org/wiki/Immuunsysteem,Laura,October 10,,,,,,,
57,De Kilimanjaro,,Technical text,A technical/informative text about mount Kilimanjaro,916,https://nl.wikipedia.org/wiki/Kilimanjaro_(berg),Laura,October 10,Modern,0,0,0,0,1,1
58,Aspasia,,History,History of Aspasia,881,https://nl.wikipedia.org/wiki/Aspasia,Laura,October 10,Modern,0,0,0,0,0,0